"Rank","Name","Symbol","marketcap","price (USD)","country"
"1","NVIDIA","NVDA","4428788137984","181.6","United States"
"2","Microsoft","MSFT","3766684483584","506.74","United States"
"3","Apple","AAPL","3420563963904","230.49","United States"
"4","Alphabet (Google)","GOOG","2513219616768","208.21","United States"
"5","Amazon","AMZN","2443541741568","229.12","United States"
"6","Meta Platforms (Facebook)","META","1877523169280","747.38","United States"
"7","Broadcom","AVGO","1412216913920","300.25","United States"
"8","TSMC","TSM","1241082363904","239.29","Taiwan"
"9","Tesla","TSLA","1127617396736","349.6","United States"
"10","Tencent","TCEHY","699618361344","76.3","China"
"11","Oracle","ORCL","662350200832","235.81","United States"
"12","Netflix","NFLX","519896989696","1223.5","United States"
"13","Palantir","PLTR","371793133568","156.72","United States"
"14","Samsung","005930.KS","330403617936","50.1636","South Korea"
"15","SAP","SAP","320393117696","275.11","Germany"
"16","ASML","ASML","302763999232","770","Netherlands"
"17","Alibaba","BABA","297319596032","122.23","China"
"18","AMD","AMD","271225274368","167.13","United States"
"19","Cisco","CSCO","271022407680","68.44","United States"
"20","Salesforce","CRM","239152955392","250.16","United States"
"21","IBM","IBM","228073095168","244.84","United States"
"22","Uber","UBER","198803095552","95.33","United States"
"23","Texas Instruments","TXN","186800390144","205.47","United States"
"24","Intuit","INTU","184989286400","663.17","United States"
"25","ServiceNow","NOW","184272732160","887.98","United States"
"26","Booking Holdings (Booking.com)","BKNG","182003630080","5615.68","United States"
"27","Shopify","SHOP","181333803008","139.89","Canada"
"28","Xiaomi","XIACF","175614083072","6.8","China"
"29","PDD Holdings (Pinduoduo)","PDD","173509623808","122.22","China"
"30","QUALCOMM","QCOM","172391841792","159.77","United States"
"31","Arista Networks","ANET","167503069184","133.27","United States"
"32","Sony","SONY","166844284928","27.84","Japan"
"33","AppLovin","APP","156589441024","462.94","United States"
"34","Adobe","ADBE","151163666432","356.35","United States"
"35","Arm Holdings","ARM","148995522560","140.66","United Kingdom"
"36","Spotify","SPOT","142602092544","692.99","Sweden"
"37","Schneider Electric","SU.PA","140270691968","246.187","France"
"38","SK Hynix","000660.KS","133594943549","193.519","South Korea"
"39","Micron Technology","MU","131777552384","117.75","United States"
"40","Lam Research","LRCX","131206815744","103.67","United States"
"41","Applied Materials","AMAT","130959974400","164.39","United States"
"42","Analog Devices","ADI","125694500864","255.5","United States"
"43","Palo Alto Networks","PANW","125311475712","187.61","United States"
"44","Automatic Data Processing","ADP","122764484608","303.09","United States"
"45","MercadoLibre","MELI","122354622464","2413.43","Argentina"
"46","KLA","KLAC","117298814976","888.89","United States"
"47","Synopsys","SNPS","111612985344","603.17","United States"
"48","Intel","INTC","108767952896","24.85","United States"
"49","Sea Limited","SE","108286377984","182.91","Singapore"
"50","Nintendo","7974.T","106690540738","91.3307","Japan"
"51","CrowdStrike","CRWD","105334693888","422.61","United States"
"52","DoorDash","DASH","104940453888","245.65","United States"
"53","Strategy 
 (MicroStrategy)","MSTR","96992133120","342.06","United States"
"54","Cadence Design Systems","CDNS","94521327616","346.88","United States"
"55","Keyence","6861.T","94471405275","389.533","Japan"
"56","Foxconn (Hon Hai Precision Industry)","2317.TW","93791177528","6.75233","Taiwan"
"57","Cambricon Technologies","688256.SS","93382251920","223.216","China"
"58","Robinhood","HOOD","91462426624","102.92","United States"
"59","Dell","DELL","89620619264","132.5","United States"
"60","NetEase","NTES","85710020608","135.07","China"
"61","Meituan","3690.HK","80718510673","13.2178","China"
"62","Airbnb","ABNB","79498854400","129.85","United States"
"63","Coinbase","COIN","79386132480","308.97","United States"
"64","SMIC","0981.HK","78505996935","7.92426","China"
"65","Equinix","EQIX","77367361536","790.56","United States"
"66","Fiserv","FI","75004960768","137.98","United States"
"67","MediaTek","2454.TW","72461456095","45.3979","Taiwan"
"68","Cloudflare","NET","71522443264","205.24","United States"
"69","Constellation Software","CSU.TO","67651414037","3192.38","Canada"
"70","Snowflake","SNOW","66861723648","200.39","United States"
"71","PayPal","PYPL","66542080000","69.65","United States"
"72","Tokyo Electron","8035.T","64644079635","141.11","Japan"
"73","Marvell Technology","MRVL","64483938304","74.79","United States"
"74","TE Connectivity","TEL","61333196800","207.57","Switzerland"
"75","Workday","WDAY","61332570112","229.71","United States"
"76","Autodesk","ADSK","61177573376","285.95","United States"
"77","Delta Electronics","2308.TW","60366330367","23.2398","Taiwan"
"78","NXP Semiconductors","NXPI","59920175104","237.67","Netherlands"
"79","Fortinet","FTNT","59868360704","78.13","United States"
"80","Delta Electronics (Thailand)","DELTA.BK","57766903541","4.63106","Thailand"
"81","Advantest","6857.T","57531061745","78.6138","Japan"
"82","Roper Technologies","ROP","56891215872","528.66","United States"
"83","Infineon","IFX.DE","54857743061","41.7976","Germany"
"84","Adyen","ADYEN.AS","52825313514","1676.56","Netherlands"
"85","Coupang","CPNG","51483496448","28.24","United States"
"86","PT DCI Indonesia Tbk","DCII.JK","50261278039","21.085","Indonesia"
"87","Block","XYZ","48394874880","79.39","United States"
"88","Veeva Systems","VEEV","47976128512","293.59","United States"
"89","CoreWeave","CRWV","47357284352","96.93","United States"
"90","Datadog","DDOG","45940174848","131.73","United States"
"91","Garmin","GRMN","45338112000","235.53","Switzerland"
"92","Jingdong Mall","JD","45137125376","30.82","China"
"93","Atlassian","TEAM","45090144256","171.88","Australia"
"94","Electronic Arts","EA","43185729536","172.6","United States"
"95","Trip.com","TCOM","42978185216","65.29","China"
"96","eBay","EBAY","42807189504","93.67","United States"
"97","Take-Two Interactive","TTWO","42802573312","232.03","United States"
"98","Zscaler","ZS","42515906560","273.07","United States"
"99","Kuaishou Technology","1024.HK","42226757110","9.80426","China"
"100","Dassault Systèmes","DSY.PA","41782461406","31.2493","France"
"101","Monolithic Power Systems","MPWR","41489797120","866.32","United States"
"102","NEC Corp","6701.T","40652716625","30.4866","Japan"
"103","NAURA Technology Group","002371.SZ","40176419386","55.6766","China"
"104","Reddit","RDDT","39508631552","211.1","United States"
"105","CoStar Group","CSGP","37895491584","89.45","United States"
"106","Amadeus IT Group","AMS.MC","37130809425","84.5034","Spain"
"107","Fidelity National Information Services","FIS","36435935232","69.75","United States"
"108","Microchip Technology","MCHP","35969671168","66.65","United States"
"109","Seagate Technology","STX","35568099328","167.24","Ireland"
"110","FICO","FICO","34070130688","1419.37","United States"
"111","Figma","FIG","34063773696","69.88","United States"
"112","Quanta Computer","2382.TW","33607655398","8.71902","Taiwan"
"113","Eternal (Zomato)","ETERNAL.NS","33105817994","3.64605","India"
"114","IQVIA","IQV","32096000000","188.8","United States"
"115","Circle Internet Group","CRCL","31979821056","127.4","United States"
"116","Baidu","BIDU","30945538048","89.86","China"
"117","Murata Manufacturing (Murata Seisakusho)","6981.T","30611971342","16.5966","Japan"
"118","Disco Corp.","6146.T","30483559150","281.201","Japan"
"119","Wolters Kluwer","WKL.AS","30268946047","129.643","Netherlands"
"120","SoFi","SOFI","29888350208","24.96","United States"
"121","Hewlett Packard Enterprise","HPE","29826760704","22.73","United States"
"122","Astera Labs","ALAB","29786445824","179.2","United States"
"123","Keysight","KEYS","28354234368","165.02","United States"
"124","Symbotic","SYM","28184229888","47.73","United States"
"125","Canon","7751.T","26737310993","29.657","Japan"
"126","Supermicro","SMCI","26713571328","44.76","United States"
"127","Ericsson","ERIC","26401839104","7.91","Sweden"
"128","Expedia Group","EXPE","26253772800","212.21","United States"
"129","DiDi","DIDIY","26168741888","5.62","China"
"130","PTC","PTC","25938778112","216.53","United States"
"131","The Trade Desk","TTD","25742850048","52.65","United States"
"132","Futu Holdings","FUTU","25608204288","183.93","Hong Kong"
"133","Toast","TOST","25570379776","43.86","United States"
"134","JD Health","6618.HK","25543367993","7.982","China"
"135","HP","HPQ","25463691264","27.11","United States"
"136","HubSpot","HUBS","24738357248","469.48","United States"
"137","Panasonic","6752.T","24347263306","10.4286","Japan"
"138","Tyler Technologies","TYL","24261650432","560.81","United States"
"139","STMicroelectronics","STM","24242827264","27.16","Switzerland"
"140","Zoom","ZM","24230436864","80.96","United States"
"141","MongoDB","MDB","24113180672","295.7","United States"
"142","Leidos","LDOS","23528386560","183.39","United States"
"143","ASM International","ASM.AS","23412116233","478.752","Netherlands"
"144","Naver","035420.KS","23404303739","156.761","South Korea"
"145","Nokia","NOK","23237713920","4.32","Finland"
"146","Bandai Namco","7832.T","22572703500","34.8662","Japan"
"147","CyberArk Software","CYBR","22495725568","446.28","Israel"
"148","NetApp","NTAP","22437101568","112.13","United States"
"149","Renesas Electronics","6723.T","21869167554","12.0879","Japan"
"150","SS&C Technologies","SSNC","21855336448","89.49","United States"
"151","ASE Group","ASX","21789691904","10.02","Taiwan"
"152","WiseTech Global","WTC.AX","21745918032","64.9863","Australia"
"153","Global Payments","GPN","21310599168","87.84","United States"
"154","Credo Technology","CRDO","21229099008","122.73","United States"
"155","ON Semiconductor","ON","20959918080","51.25","United States"
"156","Konami Holdings","9766.T","20649560135","152.331","Japan"
"157","GoDaddy","GDDY","20472451072","147.87","United States"
"158","Check Point Software","CHKP","20468805632","190.67","Israel"
"159","Pro Medicus","PME.AX","20420281567","195.389","Australia"
"160","Samsara","IOT","20296828928","35.65","United States"
"161","Zillow","Z","20251654144","84.19","United States"
"162","Grab Holdings","GRAB","20178970624","4.95","Singapore"
"163","Kakao","035720.KS","20122644538","45.7671","South Korea"
"164","Pure Storage","PSTG","19890995200","60.86","United States"
"165","AMEC","688012.SS","19739398579","31.5253","China"
"166","Trimble","TRMB","19556292608","82.18","United States"
"167","Gen Digital","GEN","18931812352","30.74","United States"
"168","GlobalFoundries","GFS","18852401152","33.97","United States"
"169","Nutanix","NTNX","18658158592","69.6","United States"
"170","F5","FFIV","18253273088","317.74","United States"
"171","Nexon","3659.T","18236504788","22.8361","Japan"
"172","Guidewire Software","GWRE","18221524992","216.42","United States"
"173","Wiwynn","6669.TW","18122360574","97.5154","Taiwan"
"174","Lenovo","0992.HK","18004057422","1.45139","Hong Kong"
"175","Xero","XRO.AX","17756793199","105.543","New Zealand"
"176","Kaspi.kz Joint Stock Company","KKS.F","17614437897","91.0467","Kazakhstan"
"177","iFLYTEK","002230.SZ","17363137616","7.51102","China"
"178","AST SpaceMobile","ASTS","17298493440","48.25","United States"
"179","Unity Software","U","17044376576","40.34","United States"
"180","Rubrik","RBRK","16936441856","87.53","United States"
"181","United Microelectronics","UMC","16875732992","6.72","Taiwan"
"182","Nebius Group (Yandex)","NBIS","16733500416","70.1","Netherlands"
"183","Chewy","CHWY","16694238208","40.44","United States"
"184","Bentley Systems","BSY","16629870592","54.77","United States"
"185","Zebra Technologies","ZBRA","16343172096","321.43","United States"
"186","Okta","OKTA","16287040512","93.03","United States"
"187","Nemetschek","NEM.F","16056756156","137.967","Germany"
"188","Twilio","TWLO","15826717696","103.15","United States"
"189","ASUS","2357.TW","15435618672","20.7814","Taiwan"
"190","GigaDevice Semiconductor","603986.SS","15272830680","23.0002","China"
"191","Logitech","LOGI","15181798400","103.07","Switzerland"
"192","Dynatrace","DT","15111479296","50.12","United States"
"193","DocuSign","DOCU","15090065408","74.68","United States"
"194","FactSet","FDS","14374901760","380.22","United States"
"195","Sage Group","SGE.L","14228464482","14.7107","United Kingdom"
"196","Roku","ROKU","14170296320","96.18","United States"
"197","Coherent Corp.","COHR","14133070848","90.71","United States"
"198","QXO, Inc.","QXO","14077340672","20.9","United States"
"199","Inspur","000977.SZ","13981160970","9.49717","China"
"200","Shenzhen Transsion Holdings","688036.SS","13394866070","11.7463","China"
"201","Oracle Corp Japan","4716.T","13346402814","104.252","Japan"
"202","Manhattan Associates","MANH","13237181440","218.91","United States"
"203","Rakuten","4755.T","13180286298","6.08781","Japan"
"204","Paycom","PAYC","12820316160","227.89","United States"
"205","Doximity","DOCS","12734458880","67.99","United States"
"206","Tempus AI","TEM","12722102272","73.23","United States"
"207","Entegris","ENTG","12717599744","84","United States"
"208","IonQ","IONQ","12295153664","41.42","United States"
"209","Jack Henry &amp; Associates","JKHY","11859092480","162.74","United States"
"210","Snap","SNAP","11811911680","6.99","United States"
"211","360 Security Technology","601360.SS","11523159899","1.64627","China"
"212","Instacart (Maplebear Inc.)","CART","11404231680","43.29","United States"
"213","Mobileye","MBLY","11384697856","13.99","Israel"
"214","SailPoint","SAIL","11337717760","20.37","United States"
"215","ZoomInfo","GTM","11333510144","10.75","United States"
"216","Skyworks Solutions","SWKS","11310213120","76.2","United States"
"217","VeriSilicon Microelectronics","688521.SS","11250309405","21.4001","China"
"218","Akamai","AKAM","11222821888","78.27","United States"
"219","Alibaba Health Information Technology","0241.HK","11110615621","0.690405","Hong Kong"
"220","BE Semiconductor","BESI.AS","11022186121","139.481"  ,"Netherlands"
"221","Dayforce","DAY","10975059968","69.55","United States"
"222","Allegro.eu","ALE.WA","10947397037","10.1738","Poland"
"223","San’an Optoelectronics","600703.SS","10704465190","2.1456","China"
"224","Krafton","259960.KS","10677930712","239.286","South Korea"
"225","Alchip Technologies","3661.TW","10619535659","131.113","Taiwan"
"226","Aurora Innovation","AUR","10555287552","5.72","United States"
"227","SenseTime","0020.HK","10322952471","0.266922","China"
"228","Align Technology","ALGN","10291618816","141.98","United States"
"229","Procore","PCOR","10181582848","67.79","United States"
"230","Topicus","TOI.V","10179905346","122.151","Canada"
"231","M3, Inc","2413.T","10143834075","14.9577","Japan"
"232","Advantech","2395.TW","10043942119","11.6199","Taiwan"
"233","China Resources Microelectronics","688396.SS","10023088319","7.55018","China"
"234","Paylocity","PCTY","9988111360","181.07","United States"
"235","Hims &amp; Hers Health","HIMS","9947140096","44.01","United States"
"236","CAR Group (Carsales)","CAR.AX","9917896632","26.2277","Australia"
"237","MakeMyTrip","MMYT","9816356864","103.17","India"
"238","Lasertec","6920.T","9788903574","108.536","Japan"
"239","Empyrean Technology","301269.SZ","9740225699","17.9397","China"
"240","Lite-On Technology","2301.TW","9672701767","4.26118","Taiwan"
"241","EPAM Systems","EPAM","9666197504","173.55","United States"
"242","Wayfair","W","9658447872","74.49","United States"
"243","MACOM","MTSI","9653714944","129.63","United States"
"244","Klaviyo","KVYO","9623487488","32.08","United States"
"245","Amdocs","DOX","9583602688","87.13","United States"
"246","ServiceTitan","TTAN","9569405952","105.54","United States"
"247","PB Fintech","POLICYBZR.NS","9508341733","20.762","India"
"248","monday.com","MNDY","9372062720","181.8","Israel"
"249","Bilibili","BILI","9315897344","22.45","China"
"250","LG Electronics","066570.KS","9281546913","54.1998","South Korea"
"251","Realtek","2379.TW","9161870892","17.8642","Taiwan"
"252","Lumine Group","LMN.V","9112257309","35.5088","Canada"
"253","Pegasystems","PEGA","9046763520","52.88","United States"
"254","Lattice Semiconductor","LSCC","9010494464","65.82","United States"
"255","Match Group","MTCH","9008887808","37.44","United States"
"256","Paytm","PAYTM.NS","8966471800","14.0385","India"
"257","Lumentum","LITE","8796215296","125.84","United States"
"258","Elastic NV","ESTC","8791065600","83.3","United States"
"259","Monotaro","3064.T","8708222772","17.5249","Japan"
"260","Novatek Microelectronics","3034.TW","8676502133","14.2586","Taiwan"
"261","NICE","NICE","8664465408","140.33","Israel"
"262","Descartes Systems Group","DSGX","8552544768","99.7","Canada"
"263","Qorvo","QRVO","8515857408","91.91","United States"
"264","OpenText","OTEX","8392460800","33","Canada"
"265","ZOZO","3092.T","8392330954","9.4901","Japan"
"266","Technology One","TNE.AX","8368654826","25.5634","Australia"
"267","Vipshop","VIPS","8311980544","16.86","China"
"268","Commvault","CVLT","8188587008","184.18","United States"
"269","National Silicon Industry Group","688126.SS","8146054683","2.96524","China"
"270","Delivery Hero","DHER.F","8077407040","27.3256","Germany"
"271","Vend Marketplaces","VENDA.OL","8057082220","38.9504","Norway"
"272","Yonyou","600588.SS","7967185033","2.33163","China"
"273","Genpact","G","7913600512","45.41","Bermuda"
"274","GitLab","GTLB","7807351808","47.26","United States"
"275","Dropbox","DBX","7777393664","28.82","United States"
"276","Entain","ENT.L","7760023976","11.9603","Isle of Man"
"277","Nova Measuring Instruments","NVMI","7748396032","263.55","Israel"
"278","Silan Microelectronics","600460.SS","7727411337","4.64368","China"
"279","Wix.com","WIX","7592029184","136.38","Israel"
"280","Nykaa","NYKAA.NS","7586177561","2.64888","India"
"281","Informatica","INFA","7566346752","24.83","United States"
"282","Unimicron","3037.TW","7514799285","4.91674","Taiwan"
"283","Sangfor Technologies","300454.SZ","7428002584","17.6068","China"
"284","Zalando","ZAL.DE","7387578700","28.5016","Germany"
"285","SCREEN Holdings","7735.T","7363436551","77.9677","Japan"
"286","Bestechnic","688608.SS","7226821636","42.9233","China"
"287","CD Projekt","CDR.WA","7094559023","70.2995","Poland"
"288","Life360","LIF","7056922624","91","United States"
"289","Trend Micro","4704.T","7037774143","53.3771","Japan"
"290","Webull","BULL","6999746560","14.44","United States"
"291","InterDigital","IDCC","6958391296","269.68","United States"
"292","Sectra AB","SECT-B.ST","6905301492","35.8406","Sweden"
"293","SG Micro","300661.SZ","6889851367","11.1504","China"
"294","Tower Semiconductor","TSEM","6713669120","59","Israel"
"295","Upstart","UPST","6696751616","69.6","United States"
"296","Lyft","LYFT","6604682240","16.25","United States"
"297","Clearwater Analytics","CWAN","6591135744","20.24","United States"
"298","Varonis","VRNS","6553629184","58.49","United States"
"299","Confluent","CFLT","6498424320","18.85","United States"
"300","Waystar","WAY","6476463616","37.17","United States"
"301","Galaxycore","688728.SS","6452824575","2.48129","China"
"302","Hwatsing Technology","688120.SS","6425500911","18.1817","China"
"303","CCC Intelligent Solutions","CCCS","6401836544","9.83","United States"
"304","SmartSens Technology","688213.SS","6300648390","15.6794","China"
"305","Temenos","TEMN.SW","6253853347","88.4503","Switzerland"
"306","IONOS Group","IOS.DE","6239951191","44.9412","Germany"
"307","Sanmina","SANM","6231622144","116.95","United States"
"308","SiTime","SITM","6208455168","238.75","United States"
"309","Kingsoft","3888.HK","6129792656","4.40678","China"
"310","CyberAgent","4751.T","6096706749","12.0369","Japan"
"311","Amkor Technology","AMKR","6074775040","24.58","United States"
"312","HANMI Semiconductor","042700.KS","6043421309","63.7135","South Korea"
"313","Cirrus Logic","CRUS","6016133632","117.2","United States"
"314","UiPath","PATH","5960334848","11.14","United States"
"315","Global Unichip Corp.","3443.TW","5930079034","44.2507","Taiwan"
"316","Marathon Digital Holdings","MARA","5871759360","15.85","United States"
"317","NEXTDC","NXT.AX","5868148786","9.15071","Australia"
"318","GlobalWafers","6488.TWO","5861237555","12.2591","Taiwan"
"319","Kakao Pay","377300.KS","5860677012","43.3886","South Korea"
"320","Allegro MicroSystems","ALGM","5821358080","31.46","United States"
"321","Rohm","6963.T","5791732249","15.0053","Japan"
"322","Fortnox AB","FNOX.ST","5745976981","9.41177","Sweden"
"323","JFrog","FROG","5719190528","48.99","United States"
"324","SentinelOne","S","5702117376","17.15","United States"
"325","UBTECH Robotics","9880.HK","5701933795","12.0821","China"
"326","Vanguard International Semiconductor","5347.TWO","5692515863","3.04838","Taiwan"
"327","Global-e","GLBE","5614536192","33.08","Israel"
"328","United Internet","UTDI.F","5473473073","31.6684","Germany"
"329","Presight AI","PRESIGHT.AE","5422335069","0.97","United Arab Emirates"
"330","Impinj","PI","5421447168","186.37","United States"
"331","Lumen","LUMN","5407757824","5.27","United States"
"332","IREN (Iris Energy)","IREN","5406937088","22.355","Australia"
"333","Etsy","ETSY","5394481152","54.43","United States"
"334","Onto Innovation","ONTO","5291898880","107.99","United States"
"335","D-Wave Quantum","QBTS","5208933888","15.23","Canada"
"336","eMemory Technology","3529.TWO","5201332578","69.6539","Taiwan"
"337","Pony AI","PONY","5162406912","14.53","China"
"338","Technoprobe","TPRO.MI","5113516034","7.87053","Italy"
"339","Semtech","SMTC","5044172800","58.13","United States"
"340","Riot Blockchain","RIOT","5008391680","13.55","United States"
"341","ACI Worldwide","ACIW","5003780096","48.49","United States"
"342","Rigetti Computing","RGTI","4988899328","15.39","United States"
"343","OneStream","OS","4934609920","20.32","United States"
"344","Enphase Energy","ENPH","4911007744","37.56","United States"
"345","Espressif Systems (Shanghai)","688018.SS","4885092081","31.1742","China"
"346","Compass","COMP","4880027136","9.28","United States"
"347","Q2","QTWO","4879873536","78.15","United States"
"348","Qualys","QLYS","4860674048","134.66","United States"
"349","CLEAR Secure","YOU","4858445312","36.55","United States"
"350","SoundHound AI","SOUN","4855540224","11.91","United States"
"351","Nan Ya PCB","8046.TW","4786728973","7.40789","Taiwan"
"352","Jubilant FoodWorks","JUBLFOOD.NS","4769381268","7.25214","India"
"353","Zeta Global","ZETA","4741776384","19.92","United States"
"354","Nanya Technology","2408.TW","4738137104","1.52911","Taiwan"
"355","Box","BOX","4700597248","32.46","United States"
"356","Just Eat Takeaway","TKWY.AS","4690106227","23.4835","Netherlands"
"357","Silicon Labs","SLAB","4582984704","139.66","United States"
"358","Kokusai Electric","6525.T","4566286453","19.5718","Japan"
"359","TOTVS","TOTS3.SA","4564459581","7.76765","Brazil"
"360","Workiva","WK","4501974016","80.37","United States"
"361","Perfect World Entertainment","002624.SZ","4417471757","2.27708","China"
"362","Sega Sammy Holdings","6460.T","4389406823","20.8843","Japan"
"363","Applied Digital","APLD","4375967744","16.7","United States"
"364","Core Scientific","CORZ","4336793600","14.2","United States"
"365","Softcat","SCT.L","4301882907","21.4108","United Kingdom"
"366","SPS Commerce","SPSC","4281420032","112.94","United States"
"367","dLocal","DLO","4252833792","14.48","Uruguay"
"368","Metaplanet Inc.","3350.T","4225687606","6.11365","Japan"
"369","VusionGroup","VU.PA","4187434481","251.252","France"
"370","Qifu Technology","QFIN","4060881408","29.71","China"
"371","Vertex","VERX","4029907968","25.27","United States"
"372","Cellebrite","CLBT","4026404096","16.47","Israel"
"373","Hisense Visual Technology","600060.SS","4019223621","3.07994","China"
"374","Silergy","6415.TW","4014245753","10.3907","China"
"375","Lemonade","LMND","3987649024","53.97","United States"
"376","Freshworks","FRSH","3966348544","13.61","United States"
"377","Nikon","NINOY","3914982656","11.75","Japan"
"378","Intapp","INTA","3894130176","47.42","United States"
"379","Sopra Steria Group","SOP.PA","3879644036","187.216","France"
"380","Calix","CALX","3879057664","59.4","United States"
"381","Kinaxis","KXS.TO","3877272832","137.158","Canada"
"382","ASMPT
 (ASM Pacific Technology)","0522.HK","3871785504","9.29737","Hong Kong"
"383","GoTo","GOTO.JK","3869706660","0.00366748","Indonesia"
"384","Tata Elxsi","TATAELXSI.NS","3842846848","61.6922","India"
"385","Ocado","OCDO.L","3842544304","4.64554","United Kingdom"
"386","Remitly","RELY","3791888896","18.39","United States"
"387","nCino","NCNO","3785992192","32.69","United States"
"388","eToro","ETOR","3726502144","44.52","Israel"
"389","KPIT Technologies","KPITTECH.NS","3721214519","13.6959","India"
"390","Asseco","ACP.WA","3711151873","53.4615","Poland"
"391","Tenable","TENB","3703085056","30.58","United States"
"392","Deliveroo","ROO.L","3648052353","2.41125","United Kingdom"
"393","TeraWulf","WULF","3580384256","9.13","United States"
"394","Autohome","ATHM","3461817344","28.46","China"
"395","NextVision Stabilized Systems","NXSN.TA","3455422859","42.4108","Israel"
"396","Socionext","6526.T","3446770421","19.6806","Japan"
"397","Hesai Group","HSAI","3444167936","26","China"
"398","Zip Co","ZIP.AX","3438514096","2.6638","Australia"
"399","BlackLine","BL","3384024832","54.68","United States"
"400","ODDITY Tech","ODD","3376495616","60.48","Israel"
"401","Asana","ASAN","3372164352","14.33","United States"
"402","AvePoint","AVPT","3348446720","15.8","United States"
"403","Blackbaud","BLKB","3228274176","66.55","United States"
"404","Melexis NV","MELE.BR","3153358424","78.8217","Belgium"
"405","Nordic Semiconductor","NOD.OL","3132353722","16.3103","Norway"
"406","Agilysys","AGYS","3067321344","109.38","United States"
"407","Genius Sports","GENI","3056813568","12.82","United Kingdom"
"408","Ambarella","AMBA","3050846208","71.93","United States"
"409","Clarivate","CLVT","3011541248","4.48","United Kingdom"
"410","Grindr","GRND","2989097472","15.57","United States"
"411","Sumco Corporation","3436.T","2988229017","8.54483","Japan"
"412","Globant","GLOB","2987721984","67.82","Luxembourg"
"413","NCR Atleos Corporation","NATL","2965515776","40.3","United States"
"414","Acer","2353.TW","2951225788","0.98171","Taiwan"
"415","DigitalOcean","DOCN","2945973760","32.36","United States"
"416","Bitdeer Technologies Group","BTDR","2898114816","13.55","Singapore"
"417","NCsoft","036570.KS","2858425088","147.392","South Korea"
"418","Marqeta","MQ","2812662016","6.275","United States"
"419","Braze","BRZE","2812447488","26.63","United States"
"420","Dave Inc.","DAVE","2805164800","207.81","United States"
"421","RingCentral","RNG","2781471744","30.72","United States"
"422","Hut 8 Mining","HUT","2780662784","26.35","Canada"
"423","JOYY","JOYY","2769196032","53.54","China"
"424","VisEra Technologies","6789.TW","2750453043","8.65347","Taiwan"
"425","Weibo","WB","2750120960","11.17","China"
"426","Mercari","4385.T","2749521426","16.702","Japan"
"427","Cipher Mining","CIFR","2749048064","6.99","United States"
"428","Synaptics","SYNA","2736873216","70.8","United States"
"429","WeRide","WRD","2703025408","9.5","China"
"430","CleanSpark","CLSK","2692775168","9.58","United States"
"431","Silicon Motion","SIMO","2670099200","78.57","Hong Kong"
"432","DoubleVerify","DV","2660591360","16.26","United States"
"433","Pagaya Technologies","PGY","2659077376","34.71","Israel"
"434","Hemnet Group AB","HEM.ST","2640382149","27.8994","Sweden"
"435","Alkami Technology","ALKT","2630177536","25.27","United States"
"436","Power Integrations","POWI","2621347328","46.73","United States"
"437","Lufax","LU","2617400832","3.02","China"
"438","Axcelis Technologies","ACLS","2573836288","81.92","United States"
"439","Rumble","RUM","2558529024","7.55","United States"
"440","Payoneer","PAYO","2446545664","6.79","United States"
"441","Money Forward","3994.T","2411612466","43.5844","Japan"
"442","Sapiens","SPNS","2399812864","42.93","Israel"
"443","Phoenix Group","PHX.AE","2388560534","0.39","United Arab Emirates"
"444","C3 AI","AI","2380592384","17.31","United States"
"445","NextNav","NN","2368400640","17.79","United States"
"446","Quantum Computing","QUBT","2367867392","14.81","United States"
"447","SUNeVision","1686.HK","2363055940","1.00224","Hong Kong"
"448","Diebold Nixdorf","DBD","2307544320","62.99","United States"
"449","BlackBerry","BB","2288944384","3.85","Canada"
"450","iQIYI","IQ","2272583168","2.36","China"
"451","FormFactor","FORM","2257132544","29.27","United States"
"452","TietoEVRY","TIETO.HE","2247004876","18.9778","Finland"
"453","Sprinklr","CXM","2241537024","8.66","United States"
"454","momo.com Inc.","8454.TW","2240840174","8.4568","Taiwan"
"455","Powerchip Semiconductor Manufacturing","6770.TW","2213740356","0.526092","Taiwan"
"456","Rorze Corporation","6323.T","2184871095","12.5979","Japan"
"457","Appian","APPN","2183943936","29.5","United States"
"458","Alight","ALIT","2148505856","3.91","United States"
"459","Exail Technologies","EXA.PA","2141824465","126.208","France"
"460","LifeStance Health Group","LFST","2135258496","5.49","United States"
"461","PAR Technology","PAR","2122391552","52.3","United States"
"462","Vishay Intertechnology","VSH","2107006464","15.54","United States"
"463","Sino-American Silicon Products","5483.TWO","2103742588","3.42533","Taiwan"
"464","KFin Technologies","KFINTECH.NS","2096745585","12.1729","India"
"465","Five9","FIVN","2086865664","27.01","United States"
"466","Embracer Group","EMBRAC-B.ST","2076995573","9.13242","Sweden"
"467","EverCommerce","EVCM","2068393472","11.41","United States"
"468","AvidXchange","AVDX","2062451200","9.93","United States"
"469","UP Fintech (Tiger Brokers)","TIGR","2043967616","11.57","China"
"470","Rasan Information Technology Company","8313.SR","2021284060","26.0787","Saudi Arabia"
"471","Progress Software","PRGS","2019192832","46.84","United States"
"472","LegalZoom","LZ","2015183744","11.18","United States"
"473","Teradata","TDC","1993950080","21.1","United States"
"474","ANI Pharmaceuticals","ANIP","1992766848","91.88","United States"
"475","Yelp","YELP","1987042688","31.51","United States"
"476","Paradox Interactive","PDX.ST","1977117405","18.7186","Sweden"
"477","iFAST Corporation","AIY.SI","1973663460","6.51927","Singapore"
"478","Kulicke and Soffa Industries","KLIC","1961713664","37.62","Singapore"
"479","PEXA Group","PXA.AX","1957161474","11.0199","Australia"
"480","ePlus","PLUS","1931953408","72.56","United States"
"481","LendingClub","LC","1928779392","16.81","United States"
"482","Atoss","AOF.F","1911200479","120.154","Germany"
"483","Phreesia","PHR","1903542528","31.99","United States"
"484","BigBear.ai","BBAI","1901706496","5.13","United States"
"485","NCR Voyix Corporation","VYX","1873070720","13.55","United States"
"486","OVH Groupe","OVH.PA","1850736016","12.0969","France"
"487","Coursera","COUR","1849810048","11.3","United States"
"488","CSG International","CSGS","1841465344","64.01","United States"
"489","SoftwareONE","SWON.SW","1841218287","8.57681","Switzerland"
"490","Arlo Technologies","ARLO","1834842112","17.58","United States"
"491","ACM Research","ACMR","1834292992","28.58","United States"
"492","Domain Holdings Australia","DHG.AX","1824604364","2.87873","Australia"
"493","LiveRamp","RAMP","1793651584","27.34","United States"
"494","NETSCOUT","NTCT","1779632384","24.76","United States"
"495","Playtech","PTEC.L","1774435425","5.68704","Isle of Man"
"496","IndiaMART","INDIAMART.NS","1773426823","29.5052","India"
"497","Certara","CERT","1762045312","10.97","United States"
"498","Ouster","OUST","1750765440","30.28","United States"
"499","One Software Technologies","ONE.TA","1744412554","24.3599","Israel"
"500","Olo","OLO","1732972032","10.23","United States"
"501","tuya","TUYA","1728050688","2.68","China"
"502","Kontron AG","KTN.F","1705083821","27.6167","Austria"
"503","Megaport Limited","MP1.AX","1702280583","10.577","Australia"
"504","Comet Holding","COTN.SW","1697203997","218.319","Switzerland"
"505","Porch Group","PRCH","1696977920","16.275","United States"
"506","Elmos Semiconductor","ELG.DE","1694461267","98.8474","Germany"
"507","Aixtron","AIXA.F","1687363221","14.9319","Germany"
"508","DeNA","2432.T","1678030274","15.0631","Japan"
"509","TeamViewer","TMV.DE","1672966388","10.5426","Germany"
"510","Lightspeed POS","LSPD","1651329280","12.21","Canada"
"511","Bayanat AI","BAYANAT.AE","1645434212","0.64","United Arab Emirates"
"512","Revolve","RVLV","1636949120","22.96","United States"
"513","Truecaller","TRUE-B.ST","1636072876","4.6639","Sweden"
"514","Flywire","FLYW","1598591616","13.07","United States"
"515","Terveystalo","TTALO.HE","1595537342","12.5975","Finland"
"516","Karooooo","KARO","1594557696","51.615","Singapore"
"517","Vitec Software Group","VIT-B.ST","1564710200","39.349","Sweden"
"518","PagerDuty","PD","1562349312","16.95","United States"
"519","Donnelley Financial Solutions","DFIN","1561704576","56.8","United States"
"520","Cimpress","CMPR","1540595584","62.93","Ireland"
"521","Spirent","SPT.L","1540225572","2.65305","United Kingdom"
"522","Omnicell","OMCL","1526396800","33.23","United States"
"523","MNTN, Inc.","MNTN","1523401728","20.98","United States"
"524","Amplitude","AMPL","1517353984","11.45","United States"
"525","Soitec","SOI.PA","1515125356","42.4496","France"
"526","Trainline","TRN.L","1506220362","3.62025","United Kingdom"
"527","N-Able","NABL","1493026048","7.98","United States"
"528","Planisware","PLNW.PA","1482034174","21.0968","France"
"529","Mixi","2121.T","1481595091","21.9996","Japan"
"530","Himax","HIMX","1476321024","8.47","Taiwan"
"531","Diginex","DGNX","1475500160","58.45","Hong Kong"
"532","secunet","YSN.F","1474779798","226.569","Germany"
"533","Opera","OPRA","1468913152","16.41","Norway"
"534","MeridianLink","MLNK","1468036992","19.84","United States"
"535","MaxLinear","MXL","1457727488","16.74","United States"
"536","Schrödinger","SDGR","1456662784","19.79","United States"
"537","Pearl Abyss","263750.KQ","1445334251","23.5322","South Korea"
"538","Veeco","VECO","1443883264","24","United States"
"539","Photronics","PLAB","1441807488","23.97","United States"
"540","HelloFresh","HFG.DE","1436587245","8.8462","Germany"
"541","nLIGHT","LASR","1435109632","28.76","United States"
"542","Redfin","RDFN","1432666880","11.19","United States"
"543","Ubisoft","UBI.PA","1428495183","10.581","France"
"544","Nexus AG","NXU.DE","1427720835","82.6639","Germany"
"545","ThredUp","TDUP","1415119872","11.49","United States"
"546","Qt Group","QTCOM.HE","1414268242","55.6992","Finland"
"547","PROG Holdings","PRG","1399850624","35.4","United States"
"548","Playtika","PLTK","1397964800","3.72","Israel"
"549","Ondas Holdings","ONDS","1391710080","5.07","United States"
"550","Teladoc Health","TDOC","1367588352","7.74","United States"
"551","CompuGroup Medical","COP.DE","1364892343","26.3826","Germany"
"552","Couchbase","BASE","1347780352","24.4","United States"
"553","Rapid7","RPD","1338297728","20.67","United States"
"554","Bytes Technology","BYIT.L","1315733728","5.42768","United Kingdom"
"555","WIN Semiconductors","3105.TWO","1309005795","3.08771","Taiwan"
"556","u-blox","UBXN.SW","1297478900","171.661","Switzerland"
"557","Yubico","YUBICO.ST","1296948470","14.4381","Sweden"
"558","Criteo","CRTO","1296149760","24.77","France"
"559","Siltronic","WAF.F","1295515569","42.7291","Germany"
"560","Navitas Semiconductor","NVTS","1293559552","6.07","Ireland"
"561","Northern Data AG","NB2.DE","1281093699","19.9558","Germany"
"562","Crayon Group","CRAYN.OL","1277046084","14.2864","Norway"
"563","Digi International","DGII","1272177792","34.27","United States"
"564","Penguin Solutions","PENG","1271250688","24.26","United States"
"565","A10 Networks","ATEN","1259062912","17.45","United States"
"566","freee K.K.","4478.T","1258058476","21.3536","Japan"
"567","Newegg","NEGG","1246905344","60.89","United States"
"568","Yalla Group","YALA","1239808256","7.87","United Arab Emirates"
"569","Verint Systems","VRNT","1229091200","20.38","United States"
"570","SiteMinder","SDR.AX","1218423420","4.33763","Australia"
"571","Protolabs","PRLB","1213794816","50.84","United States"
"572","Jamf","JAMF","1208816768","9.1","United States"
"573","Nazara Technologies","NAZARA.NS","1208781974","13.044","India"
"574","Cybozu","4776.T","1204496052","26.0459","Japan"
"575","Claritev","CTEV","1183714304","71.85","United States"
"576","Trustpilot Group","TRST.L","1176199925","2.84217","Denmark"
"577","Hypoport","HYQ.F","1170455890","172.081","Germany"
"578","Semrush","SEMR","1168829184","7.86","United States"
"579","LuxExperience","LUXE","1150996480","8.44","Germany"
"580","Raspberry Pi","RPI.L","1138613367","5.88966","United Kingdom"
"581","Catapult Group International","CAT.AX","1134472296","3.99896","Australia"
"582","Jumia","JMIA","1124210432","9.18","Germany"
"583","Kainos Group","KNOS.L","1123876456","9.38159","United Kingdom"
"584","Bukalapak.com","BUKA.JK","1121987601","0.0108802","Indonesia"
"585","Yext","YEXT","1116269696","9.12","United States"
"586","Fastly","FSLY","1104025984","7.49","United States"
"587","UCT (Ultra Clean Holdings)","UCTT","1087802496","23.99","United States"
"588","Formosa Sumco Technology","3532.TW","1083146996","2.79271","Taiwan"
"589","Harmonic","HLIT","1079582336","9.49","United States"
"590","Telus International","TIXT","1072488576","3.89","Canada"
"591","X-FAB","XFAB.PA","1066926856","8.16742","Belgium"
"592","Groupon","GRPN","1061182528","26.25","United States"
"593","Iress Limited","IRE.AX","1060831031","5.6793","Australia"
"594","Udemy","UDMY","1046394240","6.96","United States"
"595","Webjet Limited","WEB.AX","1044909479","2.89175","Australia"
"596","Youdao","DAO","1041446016","8.71","China"
"597","E2open","ETWO","1032451200","3.3","United States"
"598","GungHo Online Entertainment","3765.T","1027448847","18.9088","Japan"
"599","MapmyIndia","MAPMYINDIA.NS","1020330029","19.1647","India"
"600","Lectra SA","LSS.PA","1008880742","26.5456","France"
"601","Taboola.com","TBLA","1002910272","3.38","United States"
"602","i3 Verticals","IIIV","998930560","30.96","United States"
"603","Magic Software","MGIC","997452288","20.315","Israel"
"604","GigaCloud Technology","GCT","995515008","26.43","China"
"605","Mensch und Maschine","MUM.F","992584847","58.6797","Germany"
"606","TANLA","TANLA.NS","957177352","7.23501","India"
"607","Cohu","COHU","947169728","20.29","United States"
"608","Bumble","BMBL","944883776","6.29","United States"
"609","Stratasys","SSYS","939430016","11.04","Israel"
"610","Corsair Gaming","CRSR","937367104","8.84","United States"
"611","Blend Labs","BLND","933566400","3.6","United States"
"612","Sprout Social","SPT","922810432","15.69","United States"
"613","AT&amp;S Austria Technologie &amp; Systemtechnik","ATS.VI","922738338","23.7513","Austria"
"614","LendingTree","TREE","922359936","67.72","United States"
"615","indie Semiconductor","INDI","921281280","4.64","United States"
"616","Frequentis","FQT.VI","921242918","69.3911","Austria"
"617","Enghouse Systems","ENGH.TO","908604665","16.4735","Canada"
"618","QuinStreet","QNST","898016832","15.57","United States"
"619","Red Cat Holdings","RCAT","895384640","8.975","United States"
"620","Docebo","DCBO","889557504","30.97","Canada"
"621","Alpha &amp; Omega Semiconductor","AOSL","888566528","29.61","United States"
"622","Aeva Technologies","AEVA","888287872","15.77","United States"
"623","Alfa Financial Software","ALFA.L","887415260","2.99211","United Kingdom"
"624","Bit Digital","BTBT","880726400","2.74","United States"
"625","The RealReal","REAL","879258304","7.63","United States"
"626","TOWA Corporation","6315.T","875810279","11.6765","Japan"
"627","Mastek","MASTEK.NS","869426204","28.0689","India"
"628","Endava","DAVA","856737920","14.41","United Kingdom"
"629","Fiverr","FVRR","856473984","23.19","Israel"
"630","Faro Technologies","FARO","849750464","43.99","United States"
"631","Hippo","HIPO","843446976","33.7","United States"
"632","ALT5 Sigma","ALTS","839871616","6.85","United States"
"633","Similarweb","SMWB","829150656","9.77","Israel"
"634","Paysafe","PSFE","826796160","14.05","United States"
"635","Liquidity Services","LQDT","821218112","26.29","United States"
"636","Equasens","EQS.PA","819873819","53.7897","France"
"637","SAKURA Internet","3778.T","816084523","20.4015","Japan"
"638","Pinewood Technologies Group","PINE.L","802594853","6.88929","United Kingdom"
"639","Allient","ALNT","800915200","47.26","United States"
"640","NerdWallet","NRDS","795721024","10.47","United States"
"641","Cantaloupe","CTLP","795165120","10.85","United States"
"642","NETGEAR","NTGR","786713280","27.12","United States"
"643","PDF Solutions","PDFS","780182208","19.755","United States"
"644","Getty Images","GETY","779844672","1.88","United States"
"645","Hansen Technologies","HSN.AX","772112423","3.78403","Australia"
"646","FD Technologies","FDP.L","769684148","33.0956","United Kingdom"
"647","Qudian","QD","766184640","4.64","China"
"648","Nagarro","NA9.DE","763498531","60.0768","Germany"
"649","Riskified","RSKD","762860416","4.65","Israel"
"650","Asseco Business Solutions","ABS.WA","756518524","22.9238","Poland"
"651","Huya","HUYA","744889280","3.35","China"
"652","Bitfarms","BITF","742929536","1.34","Canada"
"653","TomTom","TOM2.AS","735347771","5.9029","Netherlands"
"654","PROS","PRO","733624128","15.25","United States"
"655","VTEX","VTEX","733310976","4.03","United Kingdom"
"656","Shutterstock","SSTK","729702208","20.57","United States"
"657","Zuken Inc.","6947.T","728491106","33.9005","Japan"
"658","Aehr Test Systems","AEHR","726936896","24.3","United States"
"659","CI&amp;T","CINT","726726656","5.4","Brazil"
"660","DeFi Technologies","DEFI.NE","726411552","2.14083","Canada"
"661","Ituran","ITRN","723231808","36.355","Israel"
"662","Mühlbauer Holding","MUB.DE","720412649","50.7626","Germany"
"663","Nextdoor","KIND","719265408","1.88","United States"
"664","GB Group (GBG)","GBG.L","713818971","2.8908","United Kingdom"
"665","Stitch Fix","SFIX","713763840","5.47","United States"
"666","Domo","DOMO","706930688","17.57","United States"
"667","Vimeo","VMEO","702610368","4.24","United States"
"668","Sabre","SABR","698289728","1.77","United States"
"669","Wemade","112040.KQ","698057943","20.6853","South Korea"
"670","Koh Young Technology","098460.KQ","691920431","10.4868","South Korea"
"671","Red Violet","RDVT","688681280","49.27","United States"
"672","Grid Dynamics","GDYN","683286848","8.07","United States"
"673","MediaAlpha","MAX","680427520","10.37","United States"
"674","eMudhra","EMUDHRA.NS","679030006","8.33619","India"
"675","HIVE Blockchain Technologies","HIVE","675447360","2.94","Canada"
"676","Priority Technology Holdings","PRTH","665716160","8.33","United States"
"677","Avalon Technologies","AVALON.NS","660491056","9.89976","India"
"678","D2L Inc.","DTOL.TO","653510202","11.9306","Canada"
"679","Bravura Solutions","BVS.AX","651106533","1.45239","Australia"
"680","Pexip","PEXIP.OL","649652850","6.31976","Norway"
"681","Gentrack Group","GTK.NZ","647253976","6.00856","New Zealand"
"682","Ibotta","IBTA","646439232","25.59","United States"
"683","BlackSky Technology","BKSY","644035328","18.16","United States"
"684","RS Technologies","3445.T","643367745","24.3118","Japan"
"685","BitFuFu","FUFU","641040576","3.91","Singapore"
"686","Quadient","QDT.PA","640553780","18.6518","France"
"687","PowerFleet","AIOT","640526400","4.8","United States"
"688","Cognyte Software","CGNT","636290624","8.72","Israel"
"689","Viant Technology","DSP","630770048","10.02","United States"
"690","WhiteFiber","WYFI","615477696","16.9","United States"
"691","BOE Varitronix","0710.HK","612666265","0.789217","Hong Kong"
"692","Coveo Solutions","CVO.TO","611040493","6.36443","Canada"
"693","NCC Group plc","NCC.L","604377091","1.97223","United Kingdom"
"694","SÜSS MicroTec","SMHN.DE","603071233","31.1096","Germany"
"695","Weave Communications","WEAV","597030528","7.75","United States"
"696","Ichor Systems","ICHR","596953472","17.39","United States"
"697","ECARX Holdings","ECX","593168000","1.6","China"
"698","Wiit S.p.A.","WIIT.MI","590240794","22.7267","Italy"
"699","SkyWater Technology","SKYT","578109568","12","United States"
"700","Nuix Limited","NXL.AX","575416468","1.71942","Australia"
"701","Thryv","THRY","575126144","13.09","United States"
"702","cBrain","CBRAIN.CO","571743157","29.226","Denmark"
"703","Infibeam Avenues","INFIBEAM.NS","569113375","0.177422","India"
"704","OneSpan","OSPN","567970560","14.82","United States"
"705","ChipMOS Technologies","IMOS","566247296","15.805","Taiwan"
"706","Auction Technology Group","ATG.L","548042080","4.54558","United Kingdom"
"707","Qoria Limited","QOR.AX","542867463","0.40706","Australia"
"708","RPMGlobal Holdings Limited","RUL.AX","541977365","2.45539","Australia"
"709","CEVA","CEVA","539498880","22.59","United States"
"710","Repay Holdings","RPAY","537058048","5.88","United States"
"711","Veradigm","MDRX","536484000","4.94","United States"
"712","THG (The Hut Group)","THG.L","534880011","0.405252","United Kingdom"
"713","Wirtualna Polska (WP Holding)","WPL.WA","533860869","17.9297","Poland"
"714","Verve Group SE","VER.ST","530422085","2.53573","Sweden"
"715","Gree","3632.T","522935632","3.05342","Japan"
"716","PSI Software","PSAN.DE","521135399","33.6477","Germany"
"717","Dye &amp; Durham","DND.TO","507668534","7.55459","Canada"
"718","Cigniti Technologies","CIGNITITEC.NS","507398164","18.5185","India"
"719","Consensus Cloud Solutions","CCSI","506116576","26.67","United States"
"720","AMTD Digital","HKD","505989216","1.61","Hong Kong"
"721","Richtech Robotics","RR","496149120","3.31","United States"
"722","Chrysos Corporation Limited","C79.AX","489363731","4.20737","Australia"
"723","Xerox","XRX","488216544","3.88","United States"
"724","PlayWay","PLW.WA","488112410","73.9564","Poland"
"725","POET Technologies","POET","488075232","5.38","Canada"
"726","Sohu.com","SOHU","471425472","15.68","China"
"727","DoubleDown Interactive","DDI","469766208","9.48","United States"
"728","Mitek Systems","MITK","469707616","10.29","United States"
"729","Lightwave Logic","LWLG","465984000","3.6","United States"
"730","Backblaze","BLZE","462994944","8.2","United States"
"731","Digital Turbine","APPS","454091264","4.19","United States"
"732","Cerence","CRNC","453990432","10.48","United States"
"733","Talkspace","TALK","453835584","2.71","United States"
"734","TXT e-solutions","TXT.MI","452421985","35.103","Italy"
"735","Conduent","CNDT","450225888","2.85","United States"
"736","COLOPL","3668.T","448998472","3.49546","Japan"
"737","Gravity Co.","GRVY","447439680","64.39","South Korea"
"738","Seco S.p.A.","IOT.MI","441808410","3.33566","Italy"
"739","IVU Traffic Technologies","IVU.DE","436852415","25.2649","Germany"
"740","Arqit Quantum","ARQQ","436523392","30.41","United Kingdom"
"741","TechTarget","TTGT","434653120","6.08","United States"
"742","Zhihu","ZH","432205024","4.9","China"
"743","ZipRecruiter","ZIP","431668960","5.05","United States"
"744","Telos","TLS","423858496","5.83","United States"
"745","DocMorris","DOCM.SW","422738685","8.78889","Switzerland"
"746","Infomedia Ltd","IFM.AX","419761419","1.10395","Australia"
"747","Xunlei","XNET","417892096","6.68","China"
"748","Perion Network","PERI","417494880","9.27","Israel"
"749","Arteris","AIP","413704032","9.7","United States"
"750","Vista Group International","VGL.NZ","410213749","1.71757","New Zealand"
"751","Locaweb","LWSA3.SA","403635308","0.735999","Brazil"
"752","Text (LiveChat)","TXT.WA","394242181","15.187","Poland"
"753","Neonode","NEON","390034592","23.24","Sweden"
"754","PubMatic","PUBM","390017184","8.53","United States"
"755","Rimini Street","RMNI","389500768","4.21","United States"
"756","BigCommerce","BIGC","385913824","4.78","United States"
"757","Lesaka Technologies","LSAK","385122144","4.74","South Africa"
"758","Weebit Nano","WBT.AX","384226747","1.84317","Australia"
"759","SEALSQ","LAES","382833376","2.73","Switzerland"
"760","Computer Modelling Group","CMG.TO","381779766","4.62274","Canada"
"761","Absci","ABSI","381283648","2.55","United States"
"762","MSTC Limited","MSTCLTD.NS","381116074","5.35918","India"
"763","kneat.com","FOBK.F","378201658","3.91198","Ireland"
"764","Shoper","SHO.WA","376989120","13.3995","Poland"
"765","Canaan","CAN","367235552","0.7498","China"
"766","Sidetrade","ALBFR.PA","366538889","259.634","France"
"767","Gorilla Technology","GRRR","366331040","16.16","Taiwan"
"768","Spok Holdings","SPOK","365076640","17.73","United States"
"769","Linedata Services","LIN.PA","363592647","73.3496","France"
"770","Allot","ALLT","355996640","7.74","Israel"
"771","EaseMyTrip","EASEMYTRIP.NS","354199679","0.0970453","India"
"772","Neowiz Games","095660.KQ","348004100","17.478","South Korea"
"773","WithSecure Oyj","WITH.HE","346411639","1.96763","Finland"
"774","F-Secure","FSECURE.HE","340031720","1.94668","Finland"
"775","Innoviz","INVZ","339309760","1.69","Israel"
"776","MicroVision","MVIS","337080800","1.12","United States"
"777","Infotel SA","INF.PA","332875553","47.5026","France"
"778","3D Systems","DDD","328327680","2.56","United States"
"779","Palladyne AI","PDYN","327201440","7.8","United States"
"780","Aeluma","ALMU","326914496","20.585","United States"
"781","Com2uS","078340.KQ","325993761","28.5414","South Korea"
"782","OptimizeRx","OPRX","325444448","17.53","United States"
"783","Agora.io","API","318444736","3.51","China"
"784","CS Disco","LAW","317970272","5.15","United States"
"785","Parrot S.A.","PARRO.PA","315087778","9.80324","France"
"786","Nano Dimension","NNDM","312887552","1.44","United States"
"787","PLAID,Inc.","4165.T","310326949","7.60296","Japan"
"788","Nucleus Software Exports","NUCLEUS.NS","308583651","11.7025","India"
"789","LifeMD","LFMD","303945536","6.41","United States"
"790","Webzen","069080.KQ","302695997","10.3426","South Korea"
"791","Materialise NV","MTLS","298289376","5.05","Belgium"
"792","ReposiTrak","TRAK","296077696","16.2","United States"
"793","Rackspace Technology","RXT","289626816","1.21","United States"
"794","Simulations Plus","SLP","289025152","14.36","United States"
"795","Mobile-health Network Solutions","MNDR","288066304","1.09","Singapore"
"796","Paysign","PAYS","287506048","5.28","United States"
"797","Fonix Mobile","FNX.L","285776463","2.87054","United Kingdom"
"798","OneConnect","OCFT","283713888","7.23","China"
"799","Spire Global","SPIR","283108736","9.11","United States"
"800","Xperi","XPER","281724640","6.09","United States"
"801","Unisys","UIS","280181504","3.93","United States"
"802","SmartRent","SMRT","276464384","1.47","United States"
"803","BrainChip","BRN.AX","274497324","0.127003","Australia"
"804","Netcall","NET.L","270335559","1.62101","United Kingdom"
"805","EROAD Limited","ERD.NZ","269242931","1.43619","New Zealand"
"806","Admicom Oyj","ADMCM.HE","268113928","53.4404","Finland"
"807","AudioCodes","AUDC","267228448","9.42","Israel"
"808","Smart Parking Limited","SPZ.AX","260923939","0.628501","Australia"
"809","8x8","EGHT","260464768","1.91","United States"
"810","Geospace Technologies","GEOS","260388416","20.31","United States"
"811","Nexters","GDEV","258263280","14.245","Cyprus"
"812","Satixfy Communications","SATX","256482816","2.96","Israel"
"813","Forge Global","FRGE","255790144","18.82","United States"
"814","The Platform Group","TPG.F","255227995","12.3996","Germany"
"815","CuriosityStream","CURI","253152784","4.37","United States"
"816","Nerdy, Inc,","NRDY","252686656","1.36","United States"
"817","Automatic Bank Services","SHVA.TA","246961004","6.17403","Israel"
"818","Kaltura","KLTR","245640704","1.59","United States"
"819","MotorK","MTRK.AS","241357361","5.05297","Italy"
"820","Accelya","ACCELYA.NS","239637425","16.0547","India"
"821","ON24","ONTF","238184480","5.63","United States"
"822","Viomi Technology","VIOT","236680704","3.47","China"
"823","trivago","TRVG","233220608","3.31","Germany"
"824","Eleving Group","OT8.F","231818742","1.90942","Luxembourg"
"825","Serviceware","SJJ.DE","231662598","22.0631","Germany"
"826","Asure Software","ASUR","229821504","8.38","United States"
"827","Marvelous","7844.T","229443932","3.78788","Japan"
"828","SOPHiA GENETICS","SOPH","225040064","3.33","Switzerland"
"829","Creotech Instruments","CRI.WA","223950311","78.4593","Poland"
"830","accesso Technology Group","ACSO.L","223771641","5.633","United Kingdom"
"831","2CRSI","AL2SI.PA","223435797","10.0128","France"
"832","Digital Bros","DIB.MI","218235694","14.9959","Italy"
"833","Perfect Corp.","PERF","215919872","2.12","Taiwan"
"834","CoreCard","CCRD","215771008","27.69","United States"
"835","OPTiM","3694.T","213203189","3.86948","Japan"
"836","Digia Oyj","DIGIA.HE","211961530","7.94039","Finland"
"837","Aptitude Software Group","APTD.L","211805746","3.83639","United Kingdom"
"838","Tucows","TCX","209492544","18.91","Canada"
"839","Concurrent Technologies","CNC.L","208951453","2.40963","United Kingdom"
"840","lastminute.com","LMN.SW","207764662","18.6507","Netherlands"
"841","Valens Semiconductor","VLN","207736800","2.02","Israel"
"842","gumi","3903.T","207323992","4.18911","Japan"
"843","Wolfspeed","WOLF","201848880","1.29","United States"
"844","WM Technology","MAPS","201803584","1.18","United States"
"845","Fabasoft","FAA.DE","200747931","18.6285","Austria"
"846","Microlise","SAAS.L","198130012","1.70881","United Kingdom"
"847","Beeks Financial Cloud Group","BKS.L","196392097","2.91579","United Kingdom"
"848","Frontier Developments","FDEV.L","196104616","5.17372","United Kingdom"
"849","Marti Technologies","MRT","195944800","2.4895","Turkey"
"850","TrueCar","TRUE","187495984","2.12","United States"
"851","Visiativ SA","ALVIV.PA","184832369","40.1999","France"
"852","Gooch &amp; Housego","GHH.L","183595101","6.77098","United Kingdom"
"853","Quick Heal","QUICKHEAL.NS","183557933","3.39088","India"
"854","ReadyTech Holdings","RDY.AX","183486983","1.48495","Australia"
"855","Digimarc","DMRC","182991008","8.44","United States"
"856","Cheetah Mobile","CMCM","182609664","5.95","China"
"857","Vecima Networks","VCM.TO","182098794","7.48928","Canada"
"858","Ceragon Networks","CRNT","180678896","2.01","Israel"
"859","Expensify","EXFY","177889152","1.92","United States"
"860","SNGULAR","SNG.MC","177757595","3.35313","Spain"
"861","Eleco","ELCO.L","176959557","2.14108","United Kingdom"
"862","Serko Limited","SKO.NZ","175297502","1.40688","New Zealand"
"863","Quartix Technologies","QTX.L","172712666","3.56622","United Kingdom"
"864","eGain","EGAN","172309408","6.3","United States"
"865","Baozun","BZUN","171445648","2.83","China"
"866","Kudelski SA","KUD.SW","170828711","1.74655","Switzerland"
"867","Cegedim SA","CGM.PA","170723612","12.3996","France"
"868","Streamwide","ALSTW.PA","170482466","64.2682","France"
"869","WALLIX Group","ALLIX.PA","170052521","25.4977","France"
"870","Teads","TEAD","169999328","1.79","United States"
"871","Tribal Group","TRB.L","169749474","0.793619","United Kingdom"
"872","Freightos","CRGO","169644752","3.39","Israel"
"873","Arrive AI","ARAI","169421328","5.13","United States"
"874","Veritone","VERI","168026272","3.04","United States"
"875","Tingo Group","TIO","166947568","0.69","United States"
"876","Zoomd Technologies","ZOMD.V","166648809","1.66912","Canada"
"877","UNITED","2497.T","163586544","4.37952","Japan"
"878","Vuzix","VUZI","160870720","2.08","United States"
"879","SoundThinking 
 (ShotSpotter)","SSTI","159507520","12.47","United States"
"880","Userjoy Technology","3546.TWO","158574163","2.71404","Taiwan"
"881","AudioEye","AEYE","152365328","12.28","United States"
"882","CI Games","CI7.F","151747703","0.748632","Poland"
"883","Rekor Systems","REKR","151600800","1.2","United States"
"884","Arbe Robotics","ARBE","151045744","1.39","Israel"
"885","Lemonsoft","LEMON.HE","150879421","8.4061","Finland"
"886","Unifiedpost Group","UPG.BR","150674352","4.05784","Belgium"
"887","Tracsis","TRCS.L","150612444","5.06565","United Kingdom"
"888","The Original BARK Company","BARK","150091632","0.8835","United States"
"889","Silvaco Group","SVCO","149479936","4.92","United States"
"890","Easy Software","ESY.HM","148506674","23.0527","Germany"
"891","Airship AI","AISP","148059152","4.64","United States"
"892","Appen","APX.AX","146650751","0.553602","Australia"
"893","Freelance.com SA","ALFRE.PA","146041568","2.5847","France"
"894","Everspin Technologies","MRAM","144574384","6.39","United States"
"895","Lantronix","LTRX","144283008","3.71","United States"
"896","iHuman","IH","144260480","2.8","China"
"897","Arab Sea Information Systems Company","7201.SR","143919405","1.43919","Saudi Arabia"
"898","Chegg","CHGG","142991648","1.32","United States"
"899","DUG Technology","DUG.AX","142516115","1.05836","Australia"
"900","Nano Labs","Nano Labs","141246096","6.11","China"
"901","Allied Tecnologia","ALLD3.SA","140160466","1.48307","Brazil"
"902","Payfare Inc.","PAY.TO","139629292","2.89164","Canada"
"903","Troops","TROO","138040800","1.13","Hong Kong"
"904","Compugen","CGEN","137497040","1.47","Israel"
"905","One Stop Systems","OSS","137468496","6.27","United States"
"906","Skillsoft","SKIL","137425680","16.03","United States"
"907","stem","STEM","135834560","16.25","United States"
"908","Skillz","SKLZ","134444992","8.77","United States"
"909","Sequans Communications","SQNS","134138768","0.9399","France"
"910","NFON AG","NFN.DE","132080026","7.97532","Germany"
"911","Sylogist","SYZ.TO","130699451","5.58793","Canada"
"912","Luminar Technologies","LAZR","126526672","1.84","United States"
"913","Playstudios","MYPS","125972728","1.005","United States"
"914","Dominion Hosting","DHH.MI","124655944","23.8677","Italy"
"915","Duos Technologies Group","DUOT","124445664","6.41","United States"
"916","Bakkt Holdings","BKKT","123755832","8.61","United States"
"917","11 bit studios","11B.WA","121772972","50.3777","Poland"
"918","The9","NCTY","121639752","8.65","China"
"919","RumbleOn","RMBL","121527392","3.21","United States"
"920","Alarum Technologies","ALAR","121311344","16.46","Israel"
"921","IQE plc","IQE.L","121110763","0.123332","United Kingdom"
"922","AEye","LIDR","120628160","3.02","United States"
"923","Micro Systemation","MSAB-B.ST","120278277","6.51265","Sweden"
"924","Beta Systems Software","BSS.F","118965519","25.8621","Germany"
"925","eHealth","EHTH","118867512","3.89","United States"
"926","Airtasker","ART.AX","116939448","0.257262","Australia"
"927","centrotherm international","CTNK.F","114817537","5.42554","Germany"
"928","Magnachip","MX","113879080","3.17","Luxembourg"
"929","American Well","AMWL","112257088","6.95","United States"
"930","3P Learning","3PL.AX","109312104","0.400547","Australia"
"931","Serverworks","4434.T","107593645","14.043","Japan"
"932","Intchains Group","ICG","106935880","1.765","China"
"933","Atomera","ATOM","106726696","3.39","United States"
"934","Intellicheck","IDN","106598440","5.32","United States"
"935","Almawave","AIW.MI","106469464","3.55105","Italy"
"936","Exasol AG","EXL.DE","105235719","3.95855","Germany"
"937","Aiforia Technologies Oyj","AIFORIA.HE","104508957","3.30655","Finland"
"938","Nacon","NACON.PA","103762644","0.924438","France"
"939","LivePerson","LPSN","102306200","1.09","United States"
"940","Méliuz","CASH3.SA","101521993","0.883568","Brazil"
"941","Gryphon Digital Mining","GRYP","100190904","1.21","United States"
"942","Research Solutions","RSSS","99972792","3.08","United States"
"943","ATARI","ALATA.PA","98437312","0.172313","France"
"944","Drecom","3793.T","95769394","3.33225","Japan"
"945","Castellum","CTM","94860608","1.02","United States"
"946","Thinkific Labs","THNC.TO","92819177","1.36433","Canada"
"947","Silicom","SILC","92204128","16.25","Israel"
"948","Celebrus Technologies","CLBS.L","91114825","2.24915","United Kingdom"
"949","Quicklogic","QUIK","89362336","5.44","United States"
"950","Identiv","INVE","87059008","3.67","United States"
"951","Eagle Eye Solutions Group","EYE.L","86880881","2.90431","United Kingdom"
"952","Velo3D","VLDX","86513896","6.15","United States"
"953","Genasys","GNSS","86470864","1.915","United States"
"954","Amtech Systems","ASYS","85454576","5.97","United States"
"955","Zenvia","ZENV","83693120","1.596","Brazil"
"956","Upland Software","UPLD","80849600","2.81","United States"
"957","Ateme SA","ATEME.PA","80270913","6.93911","France"
"958","Mister Spex","MRX.F","79345674","2.32856","Germany"
"959","freelancer.com","FLN.AX","77824977","0.172593","Australia"
"960","Vantiva","VANTI.PA","76492489","0.156014","France"
"961","System1","SST","75255992","7.59","United States"
"962","Gigas Hosting","GIGA.MC","73729127","5.99604","Spain"
"963","Triller Group","ILLR","73139560","0.4824","United States"
"964","GCT Semiconductor","GCTS","72617864","1.3","United States"
"965","Pulsar Group","PULS.L","72349962","0.533582","United Kingdom"
"966","HiPay Group","ALHYP.PA","70571861","10.8744","France"
"967","Synchronoss","SNCR","70506032","6.13","United States"
"968","1Spatial","SPA.L","69836935","0.626925","United Kingdom"
"969","Corero Network Security","CNS.L","69185305","0.135084","United Kingdom"
"970","AgEagle Aerial Systems","UAVS","66022664","1.94","United States"
"971","Automated Systems Company KPSC","ASC.KW","65750598","657.507","Kuwait"
"972","1-800-PetMeds","PETS","65274540","3.16","United States"
"973","Global Mofy Metaverse","GMM","64575540","2.21","China"
"974","WISeKey International","WKEY","63836584","5.56","Switzerland"
"975","Katapult Holdings","KPLT","63105488","13.81","United States"
"976","Where Food Comes From","WFCF","62379932","12.07","United States"
"977","Odysight.ai","ODYS","62220348","3.81","Israel"
"978","Avant Technologies Inc.","AVAI","61588972","0.4475","United States"
"979","111, Inc.","YI","60672080","7","China"
"980","cyan AG","CYR.DE","60574786","2.79427","Germany"
"981","SYLA Technologies","SYT","60158036","2.26","Japan"
"982","Forian","FORA","59735616","1.92","United States"
"983","authID","AUID","59421156","4.42","United States"
"984","Comtech Telecommunications","CMTL","59378504","2.02","United States"
"985","KLab","3656.T","59324861","0.992873","Japan"
"986","YOC AG","YOC.DE","59297277","17.0567","Germany"
"987","iLearningEngines","AILE","59292656","0.42","United States"
"988","Lucas GC","LGCL","58420340","0.5234","China"
"989","Agile Content","AGIL.MC","58012010","2.53813","Spain"
"990","Coheris SA","COH.PA","56266657","9.89638","France"
"991","zSpace","ZSPC","53425792","2.24","United States"
"992","Phunware","PHUN","53292364","2.64","United States"
"993","Mobix Labs","MOBX","51997584","0.95","United States"
"994","BIT Mining (500.com)","BTCM","51023544","2.86","China"
"995","Quantum","QMCO","50941740","7.33","United States"
"996","SurgePays","SURG","50720492","2.57","United States"
"997","People Can Fly","PCF.WA","50610191","1.40817","Poland"
"998","Natural Health Trends","NHTC","50312244","4.37","United States"
"999","geechs","7060.T","49909222","4.84876","Japan"
"1000","Mobile Factory","3912.T","48972948","6.8617","Japan"
"1001","Mobilicom","MOB","48620604","5.88","Australia"
"1002","Beamr Imaging","BMR","47055596","3.03","Israel"
"1003","Techstep ASA","TECH.OL","45400425","1.31951","Norway"
"1004","3i Infotech","3IINFOLTD.NS","44426070","0.261451","India"
"1005","CarParts.com","PRTS","43650764","0.7911","United States"
"1006","Pixelworks","PXLW","42629204","7.99","United States"
"1007","Verb Technology","VERB","42609204","22.45","United States"
"1008","Cyngn","CYN","42306016","6.01","United States"
"1009","KORE","KORE","41633580","2.38","United States"
"1010","TransAct Technologies","TACT","41479356","4.11","United States"
"1011","SHL Telemedicine","SHLT","39255860","2.05","Israel"
"1012","Usio","USIO","39213784","1.48","United States"
"1013","Semilux International","SELX","37802684","1.01","Taiwan"
"1014","Mentice AB","MNTC.ST","37252762","1.43909","Sweden"
"1015","Tose Software","4728.T","35256736","4.65154","Japan"
"1016","Swvl Holdings","SWVL","34941776","3.53","United Arab Emirates"
"1017","iomart Group","IOM.L","33209749","0.294483","United Kingdom"
"1018","Starbreeze","STAR-B.ST","32448945","0.0194119","Sweden"
"1019","CISO Global (Cerberus Cyber Sentinel)","CISO","31310072","0.9372","United States"
"1020","Scienjoy","SJ","30620478","0.729","China"
"1021","Nippon Ichi Software","3851.T","29938584","5.91644","Japan"
"1022","reAlpha Tech","AIRE","28907300","0.3451","United States"
"1023","The Glimpse Group","VRAR","28846036","1.37","United States"
"1024","enish","3667.T","28057345","0.836462","Japan"
"1025","Wedia SA","ALWED.PA","27123623","31.7526","France"
"1026","Zoom Telephonics","MINM","26534076","3.61","United States"
"1027","Guardforce AI","GFAI","25017966","1.19","Singapore"
"1028","Streamline Health Solutions","STRM","23231740","5.3332","United States"
"1029","INTERSHOP Communications","ISHA.DE","23089915","1.58342","Germany"
"1030","WonderPlanet","4199.T","22349223","8.76584","Japan"
"1031","HUB Cyber Security","HUBC","22003588","2.19","Israel"
"1032","Blackboxstocks","BLBX","21638560","5.71","United States"
"1033","Marpai","MRAI","21528162","1.41","United States"
"1034","Rail Vision","RVSN","21463818","0.4111","Israel"
"1035","NJ Holdings","9421.T","21236396","4.0123","Japan"
"1036","Xiao-I","AIXI","21139520","1.6","China"
"1037","Appirits","4174.T","20987684","5.22958","Japan"
"1038","Verimatrix","VMX.PA","20679541","0.235185","France"
"1039","Greenidge Generation Holdings","GREE","20532154","1.31","United States"
"1040","Argo Blockchain","ARBK","19687686","0.2754","United Kingdom"
"1041","Latch","LTCH","19315080","0.12","United States"
"1042","Silicon Studio","3907.T","18853910","6.86851","Japan"
"1043","CXApp","CXAI","18279456","0.78","United States"
"1044","VIA optronics AG","VIAO","17465854","0.2231","Germany"
"1045","Sphere 3D","ANY","16607316","0.5864","Canada"
"1046","Orangekloud Technology","ORKT","16584889","0.71","Singapore"
"1047","Pintec Technology","PT","15629040","0.98","China"
"1048","Smith Micro Software","SMSI","15347272","0.731","United States"
"1049","Hanryu Holdings","HRYU","15198316","0.2878","South Korea"
"1050","SeaChange","SEAC","14988880","4","United States"
"1051","SOS Limited","SOS","14884726","1.67","China"
"1052","Focus Universal","FCUV","13591528","1.84","United States"
"1053","23andMe","ME","13335447","0.6063","United States"
"1054","WeTrade Group","WETG","13256907","5.05","China"
"1055","SaverOne 2014","SVRE","12235709","1.89","Israel"
"1056","Energous","WATT","11744755","8.07","United States"
"1057","Jump Networks","JUMPNET.NS","11669324","0.12","India"
"1058","Jet.AI","JTAI","11023059","3.38","United States"
"1059","SIMPPLE","SPPL","10973349","3.1","Singapore"
"1060","Aterian","ATER","10084951","1.01","United States"
"1061","Ekso Bionics","EKSO","9924802","3.8","United States"
"1062","Netcapital","NCPL","9912126","2.1","United States"
"1063","OLB Group","OLB","9907987","1.13","United States"
"1064","Lifeward","LFWD","9798100","0.6239","Israel"
"1065","Versus Systems","VS","9411225","1.92","Canada"
"1066","Baijiayun Group","RTC","9116435","0.3105","China"
"1067","Yunji","YJ","8570440","1.74","China"
"1068","Earlyworks","ELWS","8503371","2.82","Japan"
"1069","Socket Mobile","SCKT","8200303","1.03","United States"
"1070","Foresight Autonomous Holdings","FRSX","8165268","2.39","Israel"
"1071","Kalray","ALKAL.PA","7832420","0.64734","France"
"1072","Oblong","OBLG","7615004","3.24","United States"
"1073","AppTech Payments","APCX","7476326","0.22","United States"
"1074","Trust Stamp","IDAI","7372641","2.9","United States"
"1075","Witbe S.A.","ALWIT.PA","6938170","1.68238","France"
"1076","Cemtrex","CETX","6927380","1.22","United States"
"1077","Signing Day Sports","SGN","6237492","1.58","United States"
"1078","Urgent.ly Inc.","ULY","6140332","4.4","United States"
"1079","Locafy","LCFY","5957195","4.31","Australia"
"1080","Onfolio Holdings","ONFO","5332496","1.04","United States"
"1081","Treasure Global","TGL","5228244","1.26","Malaysia"
"1082","BIO-key International","BKYI","5175976","0.7541","United States"
"1083","Kidpik","PIK","4644903","2.38","United States"
"1084","2U","TWOU","4432405","1.58","United States"
"1085","ADVFN","AFN.L","4422034","0.0955397","United Kingdom"
"1086","Mynaric","M0YN.DE","3874750","0.613256","Germany"
"1087","Super League Enterprise","SLE","3773140","3.5","United States"
"1088","Fr8Tech 
 (Freight Technologies)","FRGT","3550492","1.29","United States"
"1089","IMTE","IMTE","3294172","0.96","Australia"
"1090","Marin Software","MRIN","2863609","0.8981","United States"
"1091","BloomZ","BLMZ","2719282","0.1885","United States"
"1092","Wag! Group","PET","2379663","0.0469","United States"
"1093","Shapeways","SHPW","1984938","0.3","United States"
"1094","G Medical Innovations","GMVD","1776616","0.181","Israel"
"1095","Remark Holdings","MARK","1299952","0.021","United States"
"1096","Starbox Group","STBX","1135952","2.11","Malaysia"
"1097","Exela Technologies","XELA","666026","0.024","United States"
"1098","Fintech Scion (FintechCashier)","FINR","198743","0.001","United Kingdom"
"1099","Vinco Ventures","BBIG","117000","0.0001","United States"
"1100","Mondee","MOND","87416","0.001","United States"
"1101","Presto Automation","PRST","83704","0.0002","United States"
"1102","Movella","MVLA","66180","0.0002","United States"
"1103","Triterras","TRIRF","7652","0.0001","Singapore"
"1104","Grom Social Enterprises","GROM","4511","0.0005","United States"
"1105","Chime Financial","CHYM","3322","1.0E-5","United States"
"1106","Ozon","OZON.ME","0","45.47","United States"
